UDI,Product ID,Type,Air temperature [K],Process temperature [K],Rotational speed [rpm],Torque [Nm],Tool wear [min],Machine failure,TWF,HDF,PWF,OSF,RNF
['777', 'L47956', 'L', '296.7', '307.8', '1468', '39.2', '35', '0', '0', '0', '0', '0', '0', 0]
['5576', 'H34989', 'H', '302.4', '312', '1477', '39.7', '18', '0', '0', '0', '0', '0', '0', 0]
['4524', 'L51703', 'L', '302.5', '310.4', '1488', '48.4', '134', '0', '0', '0', '0', '0', '0', 0]
['5452', 'L52631', 'L', '303.0', '312.7', '1361', '48.8', '120', '0', '0', '0', '0', '0', '0', 0]
['9018', 'M23877', 'M', '297.3', '308.1', '1369', '52.0', '214', '0', '0', '0', '0', '0', '0', 0]
['705', 'L47884', 'L', '297.7', '308.9', '1516', '33.7', '92', '0', '0', '0', '0', '0', '0', 0]
['8170', 'M23029', 'M', '299.8', '311.2', '1745', '26.3', '150', '0', '0', '0', '0', '0', '0', 0]
['4353', 'L51532', 'L', '301.9', '309.7', '1424', '42.8', '140', '0', '0', '0', '0', '0', '0', 0]
['1308', 'L48487', 'L', '298.8', '310', '1423', '42.1', '154', '0', '0', '0', '0', '0', '0', 0]
['7291', 'L54470', 'L', '300.3', '310.6', '1806', '24.4', '88', '0', '0', '0', '0', '0', '0', 0]
['5148', 'L52327', 'L', '304.4', '313.6', '1569', '38.4', '11', '0', '0', '0', '0', '0', '0', 0]
['2258', 'L49437', 'L', '299.1', '308.3', '1892', '25.2', '34', '0', '0', '0', '0', '0', '0', 0]
['2219', 'L49398', 'L', '299.7', '309.1', '1713', '33.5', '141', '0', '0', '0', '0', '0', '0', 0]
['6820', 'L53999', 'L', '300.9', '310.7', '1359', '46.0', '151', '0', '0', '0', '0', '0', '0', 0]
['2266', 'M17125', 'M', '299.2', '308.4', '1330', '51.2', '56', '0', '0', '0', '0', '0', '0', 0]
['6196', 'L53375', 'L', '300.9', '310.8', '1729', '30.2', '53', '0', '0', '0', '0', '0', '0', 0]
['3022', 'L50201', 'L', '300.5', '309.8', '1421', '49.6', '211', '0', '0', '0', '0', '0', '0', 0]
['55', 'L47234', 'L', '298.7', '309', '1691', '30.1', '154', '0', '0', '0', '0', '0', '0', 0]
['3274', 'M18133', 'M', '301.3', '309.9', '1565', '36.0', '213', '0', '0', '0', '0', '0', '0', 0]
['2410', 'L49589', 'L', '299.1', '308.5', '1539', '46.8', '190', '0', '0', '0', '0', '0', '0', 0]
['2844', 'L50023', 'L', '300.3', '309.2', '1532', '40.2', '194', '0', '0', '0', '0', '0', '0', 0]
['8932', 'L56111', 'L', '297.4', '308.4', '1434', '39.9', '2', '0', '0', '0', '0', '0', '0', 0]
['9020', 'L56199', 'L', '297.2', '308.1', '1662', '31.3', '0', '0', '0', '0', '0', '0', '0', 0]
['6411', 'L53590', 'L', '300.4', '310.1', '1544', '41.9', '184', '0', '0', '0', '0', '0', '0', 0]
['2406', 'L49585', 'L', '299.1', '308.7', '1498', '38.9', '181', '0', '0', '0', '0', '0', '0', 0]
['2645', 'L49824', 'L', '299.8', '309.4', '1510', '42.5', '146', '0', '0', '0', '0', '0', '0', 0]
['5695', 'L52874', 'L', '302.4', '311.8', '1508', '45.7', '108', '0', '0', '0', '0', '0', '0', 0]
['8300', 'L55479', 'L', '298.7', '310', '1637', '31.8', '42', '0', '0', '0', '0', '0', '0', 0]
['2539', 'L49718', 'L', '299.1', '308.8', '1429', '50.1', '84', '0', '0', '0', '0', '0', '0', 0]
['1047', 'L48226', 'L', '296.4', '307.5', '1331', '47.8', '99', '0', '0', '0', '0', '0', '0', 0]
['851', 'L48030', 'L', '296.3', '307.3', '1567', '31.4', '5', '0', '0', '0', '0', '0', '0', 0]
['1991', 'L49170', 'L', '298.2', '307.8', '1423', '48.1', '183', '0', '0', '0', '0', '0', '0', 0]
['2621', 'L49800', 'L', '299.4', '309.2', '1556', '35.7', '75', '0', '0', '0', '0', '0', '0', 0]
['31', 'M14890', 'M', '299.1', '309.5', '1339', '48.2', '86', '0', '0', '0', '0', '0', '0', 0]
['3353', 'L50532', 'L', '301.4', '310.8', '1610', '34.6', '187', '0', '0', '0', '0', '0', '0', 0]
['8141', 'L55320', 'L', '299.6', '310.9', '1658', '28.0', '76', '0', '0', '0', '0', '0', '0', 0]
['3572', 'M18431', 'M', '301.7', '310.6', '1691', '27.7', '105', '0', '0', '0', '0', '0', '0', 0]
['1194', 'L48373', 'L', '297.1', '308.2', '1347', '50.8', '49', '0', '0', '0', '0', '0', '0', 0]
['3875', 'L51054', 'L', '302.6', '311.7', '1254', '54.1', '19', '0', '0', '0', '0', '0', '0', 0]
['1535', 'L48714', 'L', '298.0', '308.8', '1757', '29.1', '71', '0', '0', '0', '0', '0', '0', 0]
['5406', 'L52585', 'L', '302.7', '312.4', '1444', '48.7', '9', '0', '0', '0', '0', '0', '0', 0]
['1884', 'M16743', 'M', '298.0', '307.6', '1472', '46.7', '116', '0', '0', '0', '0', '0', '0', 0]
['5869', 'L53048', 'L', '301.5', '311.1', '1731', '27.9', '101', '0', '0', '0', '0', '0', '0', 0]
['1595', 'M16454', 'M', '298.0', '308.2', '1373', '51.2', '215', '0', '0', '0', '0', '0', '0', 0]
['5648', 'H35061', 'H', '302.5', '311.8', '2370', '14.7', '198', '0', '0', '0', '0', '0', '0', 0]
['1514', 'L48693', 'L', '298.1', '308.7', '1568', '32.9', '10', '0', '0', '0', '0', '0', '0', 0]
['9633', 'M24492', 'M', '299.0', '310', '1337', '57.4', '146', '0', '0', '0', '0', '0', '0', 0]
['9315', 'M24174', 'M', '298.5', '309.4', '1565', '33.7', '150', '0', '0', '0', '0', '0', '0', 0]
['958', 'M15817', 'M', '295.7', '306.4', '1387', '40.1', '81', '0', '0', '0', '0', '0', '0', 0]
['2650', 'M17509', 'M', '299.9', '309.5', '1582', '38.2', '160', '0', '0', '0', '0', '0', '0', 0]
['433', 'M15292', 'M', '297.6', '308.5', '1466', '39.7', '34', '0', '0', '0', '0', '0', '0', 0]
['4975', 'L52154', 'L', '303.8', '312.7', '1414', '41.7', '190', '0', '0', '0', '0', '0', '0', 0]
['8000', 'M22859', 'M', '300.9', '312.1', '1617', '31.0', '148', '0', '0', '0', '0', '0', '0', 0]
['9950', 'M24809', 'M', '298.2', '307.8', '1411', '53.4', '110', '0', '0', '0', '0', '0', '0', 0]
['1619', 'L48798', 'L', '297.9', '307.8', '1286', '59.5', '55', '0', '0', '0', '0', '0', '0', 0]
['3328', 'M18187', 'M', '301.5', '310.6', '2432', '14.2', '126', '0', '0', '0', '0', '0', '0', 0]
['8577', 'L55756', 'L', '297.6', '308.3', '1523', '39.5', '137', '0', '0', '0', '0', '0', '0', 0]
['9006', 'L56185', 'L', '297.2', '307.9', '1337', '58.1', '184', '0', '0', '0', '0', '0', '0', 0]
['5333', 'H34746', 'H', '303.6', '312.7', '1403', '46.2', '57', '0', '0', '0', '0', '0', '0', 0]
['7599', 'L54778', 'L', '300.5', '311.1', '1491', '42.6', '11', '0', '0', '0', '0', '0', '0', 0]
['4098', 'L51277', 'L', '301.9', '310.4', '1518', '34.1', '155', '0', '0', '0', '0', '0', '0', 0]
['2884', 'L50063', 'L', '300.6', '309.5', '1437', '40.0', '55', '0', '0', '0', '0', '0', '0', 0]
['7603', 'L54782', 'L', '300.4', '311.2', '1705', '28.7', '20', '0', '0', '0', '0', '0', '0', 0]
['5907', 'L53086', 'L', '300.7', '310.3', '1533', '35.6', '198', '0', '0', '0', '0', '0', '0', 0]
['6487', 'L53666', 'L', '300.5', '309.8', '1939', '21.4', '164', '0', '0', '0', '0', '0', '0', 0]
['6735', 'M21594', 'M', '301.6', '310.9', '1575', '40.1', '139', '0', '0', '0', '0', '0', '0', 0]
['945', 'M15804', 'M', '295.7', '306.3', '1712', '28.5', '43', '0', '0', '0', '0', '0', '0', 0]
['2982', 'H32395', 'H', '300.4', '309.4', '1530', '40.4', '112', '0', '0', '0', '0', '0', '0', 0]
['2293', 'L49472', 'L', '299.6', '308.9', '1422', '53.2', '120', '0', '0', '0', '0', '0', '0', 0]
['503', 'L47682', 'L', '297.6', '309.2', '1390', '43.3', '221', '0', '0', '0', '0', '0', '0', 0]
['5876', 'M20735', 'M', '301.5', '311', '1577', '39.7', '118', '0', '0', '0', '0', '0', '0', 0]
['477', 'L47656', 'L', '297.4', '309', '1570', '37.9', '154', '0', '0', '0', '0', '0', '0', 0]
['7954', 'L55133', 'L', '301.0', '312', '1447', '36.8', '31', '0', '0', '0', '0', '0', '0', 0]
['2180', 'L49359', 'L', '299.6', '309.2', '1601', '33.3', '33', '0', '0', '0', '0', '0', '0', 0]
['532', 'L47711', 'L', '297.6', '309.5', '1549', '34.9', '68', '0', '0', '0', '0', '0', '0', 0]
['6065', 'L53244', 'L', '301.1', '311.1', '1889', '23.8', '170', '0', '0', '0', '0', '0', '0', 0]
['534', 'L47713', 'L', '297.5', '309.3', '1675', '29.8', '72', '0', '0', '0', '0', '0', '0', 0]
['5215', 'L52394', 'L', '303.7', '312.7', '1572', '37.2', '192', '0', '0', '0', '0', '0', '0', 0]
['7747', 'M22606', 'M', '300.4', '311.7', '1508', '45.4', '164', '0', '0', '0', '0', '0', '0', 0]
['2530', 'M17389', 'M', '298.8', '308.6', '1571', '33.7', '61', '0', '0', '0', '0', '0', '0', 0]
['137', 'H29550', 'H', '298.7', '308.5', '1420', '45.7', '143', '0', '0', '0', '0', '0', '0', 0]
['7337', 'H36750', 'H', '299.9', '310.5', '1549', '42.8', '208', '0', '0', '0', '0', '0', '0', 0]
['3806', 'M18665', 'M', '302.4', '311', '1580', '36.5', '64', '0', '0', '0', '0', '0', '0', 0]
['1305', 'L48484', 'L', '298.8', '310', '2098', '19.6', '148', '0', '0', '0', '0', '0', '0', 0]
['2371', 'L49550', 'L', '299.2', '308.4', '1620', '34.1', '89', '0', '0', '0', '0', '0', '0', 0]
['2039', 'L49218', 'L', '299.0', '308.8', '1405', '55.2', '103', '0', '0', '0', '0', '0', '0', 0]
['3144', 'H32557', 'H', '300.6', '310', '1419', '42.4', '90', '0', '0', '0', '0', '0', '0', 0]
['3470', 'M18329', 'M', '301.8', '310.7', '1429', '47.9', '53', '0', '0', '0', '0', '0', '0', 0]
['2715', 'M17574', 'M', '299.6', '309.1', '1366', '55.2', '95', '0', '0', '0', '0', '0', '0', 0]
['1138', 'L48317', 'L', '296.9', '307.8', '1653', '29.7', '137', '0', '0', '0', '0', '0', '0', 0]
['4136', 'M18995', 'M', '301.7', '310.3', '1787', '26.7', '33', '0', '0', '0', '0', '0', '0', 0]
['827', 'L48006', 'L', '296.5', '307.2', '1481', '38.2', '160', '0', '0', '0', '0', '0', '0', 0]
['9959', 'M24818', 'M', '298.1', '307.8', '1525', '35.9', '132', '0', '0', '0', '0', '0', '0', 0]
['292', 'L47471', 'L', '298.0', '308.3', '1473', '42.6', '107', '0', '0', '0', '0', '0', '0', 0]
['3937', 'L51116', 'L', '302.5', '311.5', '1985', '18.8', '190', '0', '0', '0', '0', '0', '0', 0]
['1175', 'M16034', 'M', '297.1', '308.1', '1352', '44.4', '0', '0', '0', '0', '0', '0', '0', 0]
['5363', 'L52542', 'L', '303.2', '312.6', '1281', '57.0', '144', '0', '0', '0', '0', '0', '0', 0]
['6120', 'L53299', 'L', '300.9', '311.1', '1471', '39.3', '91', '0', '0', '0', '0', '0', '0', 0]
['6524', 'M21383', 'M', '301.1', '310.2', '1850', '27.7', '44', '0', '0', '0', '0', '0', '0', 0]
['4125', 'L51304', 'L', '302.1', '310.6', '1385', '53.6', '5', '0', '0', '0', '0', '0', '0', 0]
['3405', 'L50584', 'L', '301.3', '310.4', '1695', '30.9', '108', '0', '0', '0', '0', '0', '0', 0]
['3754', 'L50933', 'L', '302.2', '311', '1463', '46.8', '150', '0', '0', '0', '0', '0', '0', 0]
['1027', 'L48206', 'L', '296.4', '307.4', '1512', '36.8', '46', '0', '0', '0', '0', '0', '0', 0]
['3120', 'L50299', 'L', '300.1', '309.4', '1858', '23.6', '26', '0', '0', '0', '0', '0', '0', 0]
['5377', 'H34790', 'H', '302.8', '312.3', '1336', '57.5', '187', '0', '0', '0', '0', '0', '0', 0]
['898', 'L48077', 'L', '295.6', '306.2', '1612', '31.2', '131', '0', '0', '0', '0', '0', '0', 0]
['9485', 'L56664', 'L', '298.9', '309.6', '1663', '33.7', '195', '0', '0', '0', '0', '0', '0', 0]
['8523', 'H37936', 'H', '298.3', '309.4', '1631', '29.8', '0', '0', '0', '0', '0', '0', '0', 0]
['8808', 'M23667', 'M', '297.4', '308.6', '1604', '32.8', '85', '0', '0', '0', '0', '0', '0', 0]
['7961', 'H37374', 'H', '301.1', '312.2', '1491', '42.6', '52', '0', '0', '0', '0', '0', '0', 0]
['1471', 'L48650', 'L', '298.5', '309.7', '1437', '42.6', '120', '0', '0', '0', '0', '0', '0', 0]
['1854', 'L49033', 'L', '297.6', '307.2', '1486', '40.6', '42', '0', '0', '0', '0', '0', '0', 0]
['9190', 'L56369', 'L', '297.9', '309.1', '1595', '32.0', '32', '0', '0', '0', '0', '0', '0', 0]
['456', 'L47635', 'L', '297.4', '308.7', '1429', '57.4', '96', '0', '0', '0', '0', '0', '0', 0]
['8312', 'M23171', 'M', '298.8', '310', '1295', '52.7', '74', '0', '0', '0', '0', '0', '0', 0]
['3254', 'L50433', 'L', '301.1', '309.6', '1502', '48.9', '160', '0', '0', '0', '0', '0', '0', 0]
['8625', 'H38038', 'H', '297.5', '308.4', '1490', '39.7', '34', '0', '0', '0', '0', '0', '0', 0]
['6016', 'M20875', 'M', '300.8', '310.8', '1520', '38.0', '45', '0', '0', '0', '0', '0', '0', 0]
['8522', 'L55701', 'L', '298.4', '309.5', '1376', '50.4', '202', '0', '0', '0', '0', '0', '0', 0]
['1473', 'M16332', 'M', '298.5', '309.6', '1438', '44.5', '124', '0', '0', '0', '0', '0', '0', 0]
['8905', 'L56084', 'L', '297.4', '308.7', '1584', '38.2', '154', '0', '0', '0', '0', '0', '0', 0]
['2267', 'L49446', 'L', '299.2', '308.5', '1381', '60.6', '59', '0', '0', '0', '0', '0', '0', 0]
['791', 'L47970', 'L', '296.8', '307.9', '1420', '45.4', '70', '0', '0', '0', '0', '0', '0', 0]
['5192', 'L52371', 'L', '304.0', '313.2', '1416', '46.0', '128', '0', '0', '0', '0', '0', '0', 0]
['7913', 'L55092', 'L', '300.7', '312.1', '1498', '44.0', '155', '0', '0', '0', '0', '0', '0', 0]
['7237', 'M22096', 'M', '299.8', '310', '1460', '37.1', '169', '0', '0', '0', '0', '0', '0', 0]
['3373', 'L50552', 'L', '301.4', '310.8', '1431', '44.3', '21', '0', '0', '0', '0', '0', '0', 0]
['4590', 'L51769', 'L', '302.8', '311.1', '1721', '30.0', '87', '0', '0', '0', '0', '0', '0', 0]
['9951', 'L57130', 'L', '298.1', '307.8', '1413', '54.1', '113', '0', '0', '0', '0', '0', '0', 0]
['3852', 'H33265', 'H', '302.2', '310.9', '1415', '48.4', '185', '0', '0', '0', '0', '0', '0', 0]
['4920', 'L52099', 'L', '303.3', '312.2', '1506', '40.0', '50', '0', '0', '0', '0', '0', '0', 0]
['5194', 'H34607', 'H', '304.0', '313.1', '1408', '39.8', '132', '0', '0', '0', '0', '0', '0', 0]
['2771', 'L49950', 'L', '300.0', '309.6', '1364', '45.9', '16', '0', '0', '0', '0', '0', '0', 0]
['9252', 'M24111', 'M', '298.2', '309.1', '1651', '28.8', '186', '0', '0', '0', '0', '0', '0', 0]
['3281', 'M18140', 'M', '301.2', '309.9', '1456', '50.8', '15', '0', '0', '0', '0', '0', '0', 0]
['6485', 'H35898', 'H', '300.6', '309.8', '1913', '22.5', '157', '0', '0', '0', '0', '0', '0', 0]
['8041', 'L55220', 'L', '300.8', '311.9', '1498', '39.3', '23', '0', '0', '0', '0', '0', '0', 0]
['3839', 'L51018', 'L', '302.4', '311.1', '1880', '24.5', '156', '0', '0', '0', '0', '0', '0', 0]
['4915', 'M19774', 'M', '303.5', '312.3', '1532', '41.7', '32', '0', '0', '0', '0', '0', '0', 0]
['2367', 'L49546', 'L', '299.3', '308.5', '1485', '44.7', '78', '0', '0', '0', '0', '0', '0', 0]
['1843', 'H31256', 'H', '297.7', '307.1', '1855', '22.5', '7', '0', '0', '0', '0', '0', '0', 0]
['2577', 'L49756', 'L', '299.5', '309.3', '1523', '41.5', '181', '0', '0', '0', '0', '0', '0', 0]
['342', 'M15201', 'M', '297.4', '308.2', '1530', '32.6', '22', '0', '0', '0', '0', '0', '0', 0]
['181', 'L47360', 'L', '298.2', '308.3', '1475', '49.9', '47', '0', '0', '0', '0', '0', '0', 0]
['8898', 'M23757', 'M', '297.3', '308.7', '1577', '35.6', '133', '0', '0', '0', '0', '0', '0', 0]
['2807', 'L49986', 'L', '300.0', '309.3', '1364', '41.2', '104', '0', '0', '0', '0', '0', '0', 0]
['8480', 'L55659', 'L', '298.6', '309.7', '1627', '33.4', '99', '0', '0', '0', '0', '0', '0', 0]
['8051', 'L55230', 'L', '300.7', '312', '1401', '51.1', '50', '0', '0', '0', '0', '0', '0', 0]
['8061', 'H37474', 'H', '300.2', '311.5', '1426', '44.3', '73', '0', '0', '0', '0', '0', '0', 0]
['7117', 'L54296', 'L', '301.0', '310.5', '1601', '33.2', '77', '0', '0', '0', '0', '0', '0', 0]
['8621', 'L55800', 'L', '297.6', '308.5', '1475', '42.4', '24', '0', '0', '0', '0', '0', '0', 0]
['5001', 'L52180', 'L', '303.7', '312.8', '1832', '23.6', '35', '0', '0', '0', '0', '0', '0', 0]
['567', 'M15426', 'M', '297.6', '309.7', '1541', '33.7', '165', '0', '0', '0', '0', '0', '0', 0]
['394', 'M15253', 'M', '297.5', '308.4', '1350', '52.2', '157', '0', '0', '0', '0', '0', '0', 0]
['1769', 'M16628', 'M', '298.3', '307.8', '1485', '42.0', '13', '0', '0', '0', '0', '0', '0', 0]
['5602', 'L52781', 'L', '302.9', '312.2', '1605', '33.9', '86', '0', '0', '0', '0', '0', '0', 0]
['5099', 'L52278', 'L', '304.2', '313.4', '1475', '40.2', '98', '0', '0', '0', '0', '0', '0', 0]
['8687', 'M23546', 'M', '297.2', '308.5', '1611', '31.6', '197', '0', '0', '0', '0', '0', '0', 0]
['187', 'L47366', 'L', '298.1', '308.3', '1301', '56.0', '63', '0', '0', '0', '0', '0', '0', 0]
['3940', 'L51119', 'L', '302.5', '311.6', '1400', '54.0', '196', '0', '0', '0', '0', '0', '0', 0]
['3845', 'L51024', 'L', '302.4', '311.1', '1484', '45.9', '169', '0', '0', '0', '0', '0', '0', 0]
['2496', 'M17355', 'M', '299.1', '308.8', '1491', '41.0', '209', '0', '0', '0', '0', '0', '0', 0]
['903', 'L48082', 'L', '295.6', '306.1', '1383', '48.7', '147', '0', '0', '0', '0', '0', '0', 0]
['8651', 'H38064', 'H', '297.4', '308.3', '1771', '27.4', '100', '0', '0', '0', '0', '0', '0', 0]
['2270', 'L49449', 'L', '299.3', '308.6', '1314', '48.2', '65', '0', '0', '0', '0', '0', '0', 0]
['474', 'M15333', 'M', '297.4', '309', '1520', '37.0', '147', '0', '0', '0', '0', '0', '0', 0]
['8600', 'L55779', 'L', '297.6', '308.4', '1460', '40.3', '195', '0', '0', '0', '0', '0', '0', 0]
['1382', 'M16241', 'M', '298.8', '310.2', '1583', '35.7', '116', '0', '0', '0', '0', '0', '0', 0]
['6301', 'L53480', 'L', '301.2', '310.7', '1517', '39.4', '107', '0', '0', '0', '0', '0', '0', 0]
['2662', 'M17521', 'M', '299.9', '309.4', '1509', '42.8', '190', '0', '0', '0', '0', '0', '0', 0]
['2959', 'M17818', 'M', '300.8', '309.5', '1481', '44.5', '49', '0', '0', '0', '0', '0', '0', 0]
['3912', 'M18771', 'M', '302.3', '311.3', '1339', '50.8', '123', '0', '0', '0', '0', '0', '0', 0]
['666', 'L47845', 'L', '297.5', '308.9', '1729', '28.1', '189', '0', '0', '0', '0', '0', '0', 0]
['215', 'M15074', 'M', '298.3', '308.6', '1589', '37.1', '137', '0', '0', '0', '0', '0', '0', 0]
['9258', 'M24117', 'M', '298.3', '309.1', '1296', '58.7', '201', '0', '0', '0', '0', '0', '0', 0]
['4351', 'M19210', 'M', '301.9', '309.7', '1568', '37.5', '135', '0', '0', '0', '0', '0', '0', 0]
['9623', 'L56802', 'L', '298.9', '310', '1794', '27.2', '114', '0', '0', '0', '0', '0', '0', 0]
['5238', 'L52417', 'L', '303.8', '313', '1499', '42.3', '38', '0', '0', '0', '0', '0', '0', 0]
['3473', 'L50652', 'L', '301.8', '310.7', '1523', '43.3', '60', '0', '0', '0', '0', '0', '0', 0]
['8602', 'H38015', 'H', '297.4', '308.2', '1359', '46.9', '199', '0', '0', '0', '0', '0', '0', 0]
['5483', 'L52662', 'L', '302.6', '312.1', '1782', '26.8', '198', '0', '0', '0', '0', '0', '0', 0]
['4804', 'L51983', 'L', '303.6', '312.5', '1710', '31.4', '180', '0', '0', '0', '0', '0', '0', 0]
['7798', 'L54977', 'L', '300.0', '311.4', '1476', '39.0', '92', '0', '0', '0', '0', '0', '0', 0]
['4970', 'L52149', 'L', '303.9', '312.7', '1528', '38.4', '177', '0', '0', '0', '0', '0', '0', 0]
['8465', 'H37878', 'H', '298.6', '309.7', '1672', '27.5', '54', '0', '0', '0', '0', '0', '0', 0]
['3115', 'M17974', 'M', '299.9', '309.2', '1683', '30.5', '13', '0', '0', '0', '0', '0', '0', 0]
['3161', 'M18020', 'M', '300.4', '309.7', '1367', '51.2', '143', '0', '0', '0', '0', '0', '0', 0]
['9027', 'M23886', 'M', '297.5', '308.4', '1685', '28.1', '15', '0', '0', '0', '0', '0', '0', 0]
['2344', 'L49523', 'L', '299.1', '308.3', '1305', '61.4', '17', '0', '0', '0', '0', '0', '0', 0]
['7234', 'L54413', 'L', '299.9', '310', '1447', '45.9', '162', '0', '0', '0', '0', '0', '0', 0]
['5497', 'M20356', 'M', '302.9', '312.5', '1924', '24.0', '17', '0', '0', '0', '0', '0', '0', 0]
['1885', 'M16744', 'M', '298.0', '307.6', '1792', '26.0', '119', '0', '0', '0', '0', '0', '0', 0]
['7926', 'M22785', 'M', '300.7', '311.9', '1697', '28.2', '191', '0', '0', '0', '0', '0', '0', 0]
['9297', 'H38710', 'H', '298.2', '309', '1524', '39.1', '100', '0', '0', '0', '0', '0', '0', 0]
['5510', 'L52689', 'L', '302.8', '312.2', '1509', '36.5', '52', '0', '0', '0', '0', '0', '1', 0]
['592', 'H30005', 'H', '297.5', '309.3', '1525', '41.7', '235', '0', '0', '0', '0', '0', '0', 0]
['3278', 'L50457', 'L', '301.3', '310.1', '1531', '41.6', '9', '0', '0', '0', '0', '0', '0', 0]
['4482', 'M19341', 'M', '302.6', '310.4', '1544', '35.1', '25', '0', '0', '0', '0', '0', '0', 0]
['5981', 'M20840', 'M', '300.6', '310.7', '1654', '32.0', '180', '0', '0', '0', '0', '0', '0', 0]
['7109', 'M21968', 'M', '300.8', '310.5', '1511', '35.8', '54', '0', '0', '0', '0', '0', '0', 0]
['7667', 'M22526', 'M', '300.6', '311.7', '1424', '50.8', '182', '0', '0', '0', '0', '0', '0', 0]
['7151', 'L54330', 'L', '300.2', '309.8', '1401', '49.3', '163', '0', '0', '0', '0', '0', '0', 0]
['1059', 'L48238', 'L', '296.7', '307.8', '1605', '31.3', '128', '0', '0', '0', '0', '0', '0', 0]
['5315', 'L52494', 'L', '303.6', '312.8', '1701', '30.8', '12', '0', '0', '0', '0', '0', '0', 0]
['8387', 'M23246', 'M', '298.9', '309.9', '1501', '37.1', '70', '0', '0', '0', '0', '0', '0', 0]
['7060', 'L54239', 'L', '300.6', '310.5', '1644', '33.8', '148', '0', '0', '0', '0', '0', '0', 0]
['8096', 'L55275', 'L', '300.2', '311.7', '1493', '48.3', '167', '0', '0', '0', '0', '0', '0', 0]
['4492', 'H33905', 'H', '302.6', '310.4', '1409', '53.3', '52', '0', '0', '0', '0', '0', '0', 0]
['6749', 'H36162', 'H', '301.7', '311', '2016', '19.3', '180', '0', '0', '0', '0', '0', '0', 0]
['783', 'L47962', 'L', '296.8', '307.9', '1698', '30.8', '48', '0', '0', '0', '0', '0', '0', 0]
['3963', 'L51142', 'L', '302.4', '311.5', '1785', '24.8', '45', '0', '0', '0', '0', '0', '0', 0]
['2752', 'L49931', 'L', '299.7', '309.1', '1417', '50.1', '187', '0', '0', '0', '0', '0', '0', 0]
['385', 'L47564', 'L', '297.5', '308.5', '1712', '26.8', '136', '0', '0', '0', '0', '0', '0', 0]
['5095', 'M19954', 'M', '304.1', '313.5', '1470', '45.8', '85', '0', '0', '0', '0', '0', '0', 0]
['3206', 'M18065', 'M', '300.1', '308.9', '1548', '38.4', '31', '0', '0', '0', '0', '0', '0', 0]
['9455', 'L56634', 'L', '298.4', '309.2', '1583', '35.4', '112', '0', '0', '0', '0', '0', '0', 0]
['2183', 'M17042', 'M', '299.5', '309.2', '1314', '61.8', '45', '0', '0', '0', '0', '0', '0', 0]
['5389', 'M20248', 'M', '302.8', '312.3', '1432', '49.0', '218', '0', '0', '0', '0', '0', '0', 0]
['7546', 'L54725', 'L', '300.2', '311.4', '1891', '22.6', '86', '0', '0', '0', '0', '0', '0', 0]
['5323', 'M20182', 'M', '303.4', '312.7', '1357', '55.3', '31', '0', '0', '0', '0', '0', '0', 0]
['6907', 'M21766', 'M', '301.0', '311.5', '1530', '43.9', '165', '0', '0', '0', '0', '0', '0', 0]
['9753', 'L56932', 'L', '298.6', '309.8', '1561', '32.6', '201', '0', '0', '0', '0', '0', '0', 0]
['7166', 'L54345', 'L', '300.2', '310.1', '1392', '47.9', '201', '0', '0', '0', '0', '0', '0', 0]
['5878', 'L53057', 'L', '301.5', '311.1', '1458', '41.4', '123', '0', '0', '0', '0', '0', '0', 0]
['919', 'M15778', 'M', '295.3', '305.7', '1473', '38.5', '189', '0', '0', '0', '0', '0', '0', 0]
['5297', 'H34710', 'H', '303.8', '313.2', '1379', '50.2', '178', '0', '0', '0', '0', '0', '0', 0]
['9309', 'L56488', 'L', '298.4', '309.1', '1423', '48.0', '135', '0', '0', '0', '0', '0', '0', 0]
['4572', 'L51751', 'L', '302.8', '310.9', '1708', '29.8', '42', '0', '0', '0', '0', '0', '0', 0]
['8424', 'L55603', 'L', '299.0', '310.4', '1452', '46.2', '168', '0', '0', '0', '0', '0', '0', 0]
['6652', 'M21511', 'M', '301.5', '310.4', '1276', '55.6', '158', '0', '0', '0', '0', '0', '0', 0]
['5969', 'L53148', 'L', '300.4', '310.8', '1348', '56.0', '146', '0', '0', '0', '0', '0', '0', 0]
['1838', 'L49017', 'L', '297.7', '307.2', '1392', '43.0', '197', '0', '0', '0', '0', '0', '0', 0]
['7097', 'L54276', 'L', '300.6', '310.2', '1489', '47.8', '21', '0', '0', '0', '0', '0', '0', 0]
['4290', 'M19149', 'M', '301.8', '310', '1781', '23.9', '198', '0', '0', '0', '0', '0', '0', 0]
['7944', 'L55123', 'L', '300.8', '311.7', '1753', '29.0', '8', '0', '0', '0', '0', '0', '0', 0]
['717', 'H30130', 'H', '297.4', '308.6', '1420', '45.8', '120', '0', '0', '0', '0', '0', '0', 0]
['3366', 'M18225', 'M', '301.4', '310.6', '1630', '30.3', '2', '0', '0', '0', '0', '0', '0', 0]
['1340', 'M16199', 'M', '298.6', '310.2', '1668', '31.5', '7', '0', '0', '0', '0', '0', '0', 0]
['5898', 'M20757', 'M', '301.0', '310.7', '1517', '40.2', '171', '0', '0', '0', '0', '0', '0', 0]
['5411', 'M20270', 'M', '302.7', '312.5', '1417', '51.5', '19', '0', '0', '0', '0', '0', '0', 0]
['9434', 'M24293', 'M', '298.0', '308.7', '1430', '51.9', '47', '0', '0', '0', '0', '0', '0', 0]
['2963', 'L50142', 'L', '300.7', '309.5', '1508', '39.9', '59', '0', '0', '0', '0', '0', '0', 0]
['8919', 'L56098', 'L', '297.1', '308.2', '1402', '51.2', '186', '0', '0', '0', '0', '0', '0', 0]
['4531', 'L51710', 'L', '302.5', '310.4', '1487', '42.0', '152', '0', '0', '0', '0', '0', '0', 0]
['533', 'L47712', 'L', '297.5', '309.4', '1443', '45.4', '70', '0', '0', '0', '0', '0', '0', 0]
['9926', 'M24785', 'M', '298.5', '308.7', '1367', '47.3', '47', '0', '0', '0', '0', '0', '0', 0]
['6384', 'H35797', 'H', '300.2', '309.7', '1483', '43.8', '108', '0', '0', '0', '0', '0', '0', 0]
['5042', 'L52221', 'L', '304.0', '313.2', '1314', '47.1', '144', '0', '0', '0', '0', '0', '0', 0]
['7675', 'L54854', 'L', '300.5', '311.6', '1509', '47.2', '202', '0', '0', '0', '0', '0', '0', 0]
['9457', 'L56636', 'L', '298.5', '309.3', '1630', '33.3', '116', '0', '0', '0', '0', '0', '0', 0]
['2217', 'L49396', 'L', '299.7', '309.2', '1645', '30.8', '137', '0', '0', '0', '0', '0', '0', 0]
['3171', 'M18030', 'M', '300.4', '309.7', '1685', '32.3', '167', '0', '0', '0', '0', '0', '0', 0]
['1965', 'M16824', 'M', '297.8', '307.5', '1405', '46.9', '113', '0', '0', '0', '0', '0', '0', 0]
['7187', 'M22046', 'M', '300.4', '310.5', '1644', '31.4', '41', '0', '0', '0', '0', '0', '0', 0]
['7250', 'L54429', 'L', '299.9', '310', '1402', '44.7', '204', '0', '0', '0', '0', '0', '0', 0]
['3582', 'M18441', 'M', '301.8', '310.6', '1459', '40.2', '128', '0', '0', '0', '0', '0', '0', 0]
['5580', 'L52759', 'L', '302.6', '312.2', '1695', '27.1', '32', '0', '0', '0', '0', '0', '0', 0]
['1754', 'L48933', 'L', '298.2', '307.5', '1470', '51.3', '180', '0', '0', '0', '0', '0', '0', 0]
['5888', 'H35301', 'H', '301.4', '311.1', '1445', '41.4', '144', '0', '0', '0', '0', '0', '0', 0]
['4596', 'M19455', 'M', '303.0', '311.2', '1460', '43.9', '103', '0', '0', '0', '0', '0', '0', 0]
['7839', 'L55018', 'L', '300.2', '311.6', '1372', '49.2', '195', '0', '0', '0', '0', '0', '0', 0]
['6857', 'M21716', 'M', '301.1', '311.3', '1836', '22.8', '31', '0', '0', '0', '0', '0', '0', 0]
['1452', 'L48631', 'L', '298.9', '310.4', '1831', '25.4', '81', '0', '0', '0', '0', '0', '0', 0]
['8999', 'L56178', 'L', '297.1', '308', '1467', '42.8', '169', '0', '0', '0', '0', '0', '0', 0]
['3643', 'L50822', 'L', '302.3', '311.6', '1309', '57.6', '77', '0', '0', '0', '0', '0', '0', 0]
['1972', 'L49151', 'L', '297.9', '307.6', '1298', '52.7', '132', '0', '0', '0', '0', '0', '0', 0]
['9818', 'M24677', 'M', '298.5', '309.3', '1465', '42.4', '173', '0', '0', '0', '0', '0', '0', 0]
['2273', 'M17132', 'M', '299.3', '308.6', '1448', '52.1', '71', '0', '0', '0', '0', '0', '0', 0]
['9626', 'M24485', 'M', '299.0', '310.1', '1487', '47.5', '123', '0', '0', '0', '0', '0', '0', 0]
['7640', 'L54819', 'L', '300.5', '311.4', '1466', '41.8', '112', '0', '0', '0', '0', '0', '0', 0]
['3402', 'M18261', 'M', '301.4', '310.7', '1617', '34.3', '101', '0', '0', '0', '0', '0', '0', 0]
['4331', 'L51510', 'L', '301.5', '309.8', '1549', '38.5', '81', '0', '0', '0', '0', '0', '0', 0]
['5693', 'M20552', 'M', '302.4', '311.9', '1313', '55.7', '102', '0', '0', '0', '0', '0', '0', 0]
['7046', 'M21905', 'M', '300.7', '310.6', '1609', '27.6', '108', '0', '0', '0', '0', '0', '0', 0]
['7307', 'L54486', 'L', '300.1', '310.5', '1356', '45.8', '126', '0', '0', '0', '0', '0', '0', 0]
['6864', 'L54043', 'L', '301.1', '311.3', '1630', '29.5', '51', '0', '0', '0', '0', '0', '0', 0]
['8783', 'L55962', 'L', '297.5', '308.7', '1456', '44.7', '29', '0', '0', '0', '0', '0', '0', 0]
['3644', 'L50823', 'L', '302.3', '311.6', '1784', '26.4', '79', '0', '0', '0', '0', '0', '0', 0]
['4153', 'M19012', 'M', '302.0', '310.5', '1425', '44.7', '76', '0', '0', '0', '0', '0', '0', 0]
['6910', 'L54089', 'L', '300.8', '311.2', '1376', '48.1', '172', '0', '0', '0', '0', '0', '0', 0]
['7956', 'M22815', 'M', '300.9', '311.9', '1310', '56.1', '35', '0', '0', '0', '0', '0', '0', 0]
['748', 'L47927', 'L', '296.8', '308.1', '1356', '48.3', '201', '0', '0', '0', '0', '0', '0', 0]
['590', 'L47769', 'L', '297.6', '309.4', '1491', '40.2', '231', '0', '0', '0', '0', '0', '0', 0]
['4069', 'L51248', 'L', '301.9', '310.7', '1405', '48.8', '78', '0', '0', '0', '0', '0', '0', 0]
['1151', 'L48330', 'L', '297.1', '307.9', '1456', '50.0', '166', '0', '0', '0', '0', '0', '0', 0]
['7017', 'L54196', 'L', '300.6', '310.5', '1509', '43.1', '31', '0', '0', '0', '0', '0', '0', 0]
['8895', 'M23754', 'M', '297.5', '308.7', '1546', '38.0', '123', '0', '0', '0', '0', '0', '0', 0]
['7211', 'M22070', 'M', '299.8', '309.6', '1331', '50.2', '98', '0', '0', '0', '0', '0', '0', 0]
['6309', 'M21168', 'M', '300.8', '310.1', '1686', '26.9', '128', '0', '0', '0', '0', '0', '0', 0]
['5599', 'L52778', 'L', '302.8', '312.1', '1441', '52.1', '79', '0', '0', '0', '0', '0', '0', 0]
['5788', 'L52967', 'L', '301.7', '311.3', '1584', '38.8', '132', '0', '0', '0', '0', '0', '0', 0]
['2731', 'L49910', 'L', '299.6', '309.2', '1425', '45.9', '133', '0', '0', '0', '0', '0', '0', 0]
['9262', 'H38675', 'H', '298.3', '309', '1470', '38.4', '10', '0', '0', '0', '0', '0', '0', 0]
['3568', 'L50747', 'L', '301.8', '310.5', '1548', '34.1', '93', '0', '0', '0', '0', '0', '0', 0]
['9299', 'L56478', 'L', '298.1', '308.9', '1313', '50.6', '108', '0', '0', '0', '0', '0', '0', 0]
['9846', 'L57025', 'L', '298.3', '309.1', '1421', '47.4', '33', '0', '0', '0', '0', '0', '0', 0]
['784', 'H30197', 'H', '296.7', '307.9', '1579', '33.4', '50', '0', '0', '0', '0', '0', '0', 0]
['565', 'H29978', 'H', '297.6', '309.6', '1669', '32.1', '155', '0', '0', '0', '0', '0', '0', 0]
['3768', 'L50947', 'L', '302.3', '311.1', '1630', '35.6', '183', '0', '0', '0', '0', '0', '0', 0]
['4004', 'L51183', 'L', '302.1', '311.2', '1519', '39.3', '155', '0', '0', '0', '0', '0', '0', 0]
['6783', 'L53962', 'L', '301.3', '310.8', '1531', '53.4', '57', '0', '0', '0', '0', '0', '0', 0]
['8454', 'L55633', 'L', '298.6', '309.9', '1564', '37.1', '30', '0', '0', '0', '0', '0', '0', 0]
['541', 'L47720', 'L', '297.4', '309.4', '1473', '45.5', '94', '0', '0', '0', '0', '0', '0', 0]
['2796', 'M17655', 'M', '300.3', '309.5', '1405', '49.4', '77', '0', '0', '0', '0', '0', '0', 0]
['6094', 'L53273', 'L', '301.0', '310.8', '1375', '57.2', '20', '0', '0', '0', '0', '0', '0', 0]
['7672', 'M22531', 'M', '300.5', '311.6', '1456', '51.1', '193', '0', '0', '0', '0', '0', '0', 0]
['6127', 'L53306', 'L', '300.9', '310.9', '1370', '52.5', '107', '0', '0', '0', '0', '0', '0', 0]
['3647', 'M18506', 'M', '302.2', '311.5', '1863', '25.7', '85', '0', '0', '0', '0', '0', '0', 0]
['1563', 'L48742', 'L', '298.2', '308.3', '2216', '16.8', '139', '0', '0', '0', '0', '0', '0', 0]
['8331', 'L55510', 'L', '298.8', '309.7', '1505', '39.0', '131', '0', '0', '0', '0', '0', '0', 0]
['3192', 'M18051', 'M', '300.1', '309.2', '1732', '33.7', '218', '0', '0', '0', '0', '0', '0', 0]
['8116', 'L55295', 'L', '300.4', '311.8', '1367', '57.2', '10', '0', '0', '0', '0', '0', '0', 0]
['9074', 'L56253', 'L', '297.2', '308.1', '1689', '31.2', '145', '0', '0', '0', '0', '0', '0', 0]
['1117', 'L48296', 'L', '296.4', '307.3', '1487', '37.5', '83', '0', '0', '0', '0', '0', '0', 0]
['2388', 'M17247', 'M', '299.2', '308.5', '1474', '47.2', '132', '0', '0', '0', '0', '0', '0', 0]
['3797', 'M18656', 'M', '302.1', '310.8', '1504', '37.5', '42', '0', '0', '0', '0', '0', '0', 0]
['5930', 'L53109', 'L', '300.3', '310.2', '1471', '45.2', '48', '0', '0', '0', '0', '0', '0', 0]
['2545', 'L49724', 'L', '299.2', '309', '1951', '21.4', '102', '0', '0', '0', '0', '0', '0', 0]
['6859', 'L54038', 'L', '301.0', '311.2', '1467', '45.4', '36', '0', '0', '0', '0', '0', '0', 0]
['7146', 'L54325', 'L', '300.5', '310', '1413', '44.5', '152', '0', '0', '0', '0', '0', '0', 0]
['497', 'M15356', 'M', '297.5', '309.2', '1530', '40.0', '206', '0', '0', '0', '0', '0', '0', 0]
['7496', 'L54675', 'L', '300.3', '311.9', '1609', '34.0', '177', '0', '0', '0', '0', '0', '0', 0]
['4409', 'L51588', 'L', '302.4', '310.1', '2009', '18.9', '59', '0', '0', '0', '0', '0', '0', 0]
['4691', 'M19550', 'M', '303.4', '311.5', '1483', '43.0', '117', '0', '0', '0', '0', '0', '0', 0]
['776', 'L47955', 'L', '296.7', '307.8', '1453', '46.0', '33', '0', '0', '0', '0', '0', '0', 0]
['4383', 'L51562', 'L', '301.8', '309.5', '1525', '39.6', '227', '0', '0', '0', '0', '0', '0', 0]
['6500', 'L53679', 'L', '300.9', '310', '1671', '26.8', '199', '0', '0', '0', '0', '0', '0', 0]
['1453', 'L48632', 'L', '299.0', '310.3', '1584', '34.4', '83', '0', '0', '0', '0', '0', '0', 0]
['5524', 'M20383', 'M', '302.5', '311.9', '1524', '34.8', '86', '0', '0', '0', '0', '0', '0', 0]
['7191', 'L54370', 'L', '300.3', '310.3', '1345', '46.3', '50', '0', '0', '0', '0', '0', '0', 0]
['4326', 'L51505', 'L', '301.6', '310.2', '1384', '57.1', '68', '0', '0', '0', '0', '0', '0', 0]
['9862', 'M24721', 'M', '298.7', '309.6', '1800', '24.8', '78', '0', '0', '0', '0', '0', '0', 0]
['9332', 'L56511', 'L', '298.4', '308.9', '1496', '37.9', '194', '0', '0', '0', '0', '0', '0', 0]
['9149', 'L56328', 'L', '297.6', '308.6', '1393', '40.4', '127', '0', '0', '0', '0', '0', '0', 0]
['3372', 'L50551', 'L', '301.4', '310.7', '1989', '21.8', '19', '0', '0', '0', '0', '0', '0', 0]
['7874', 'L55053', 'L', '300.7', '312.4', '1470', '38.6', '56', '0', '0', '0', '0', '0', '0', 0]
['9941', 'M24800', 'M', '298.3', '308.1', '1722', '28.6', '89', '0', '0', '0', '0', '0', '0', 0]
['7753', 'M22612', 'M', '300.4', '311.7', '1832', '24.2', '179', '0', '0', '0', '0', '0', '0', 0]
['3284', 'L50463', 'L', '301.2', '309.9', '1449', '45.5', '23', '0', '0', '0', '0', '0', '0', 0]
['5401', 'L52580', 'L', '302.7', '312.4', '1477', '46.3', '251', '1', '0', '0', '0', '1', '0', 1]
['4998', 'M19857', 'M', '303.6', '312.8', '2659', '11.4', '26', '1', '0', '0', '1', '0', '0', 1]
['4354', 'M19213', 'M', '302.0', '309.7', '1386', '62.7', '142', '1', '0', '0', '1', '0', '0', 1]
['2599', 'L49778', 'L', '299.1', '308.8', '1320', '67.5', '20', '1', '0', '0', '1', '0', '0', 1]
['208', 'M15067', 'M', '298.4', '308.7', '1421', '60.7', '119', '1', '0', '0', '1', '0', '0', 1]
['6498', 'L53677', 'L', '300.8', '309.9', '1312', '65.3', '192', '1', '0', '0', '0', '1', '0', 1]
['4779', 'H34192', 'H', '303.6', '312.2', '1371', '54.6', '112', '1', '0', '1', '0', '0', '0', 1]
['1325', 'M16184', 'M', '298.8', '310.1', '1243', '74.5', '194', '1', '0', '0', '1', '1', '0', 1]
['4771', 'L51950', 'L', '303.5', '311.9', '1344', '49.3', '93', '1', '0', '1', '0', '0', '0', 1]
['6000', 'M20859', 'M', '300.4', '310.2', '1671', '30.5', '234', '1', '1', '0', '0', '0', '0', 1]
['1997', 'M16856', 'M', '298.4', '308', '1416', '38.2', '198', '1', '1', '0', '0', '0', '0', 1]
['260', 'M15119', 'M', '298.1', '308.2', '1420', '63.9', '19', '1', '0', '0', '1', '0', '0', 1]
['1438', 'H30851', 'H', '298.8', '309.9', '1439', '45.2', '40', '1', '0', '0', '0', '0', '0', 1]
['9655', 'L56834', 'L', '299.1', '310', '1367', '56.3', '203', '1', '0', '0', '0', '1', '0', 1]
['4082', 'L51261', 'L', '302.0', '310.4', '1336', '58.2', '110', '1', '0', '1', '0', '0', '0', 1]
['4406', 'L51585', 'L', '302.4', '310.2', '1331', '45.5', '53', '1', '0', '1', '0', '0', '0', 1]
['8399', 'L55578', 'L', '298.5', '309.7', '2617', '12.1', '102', '1', '0', '0', '1', '0', '0', 1]
['464', 'L47643', 'L', '297.4', '308.7', '2874', '4.2', '118', '1', '0', '0', '1', '0', '0', 1]
['4571', 'L51750', 'L', '302.8', '310.9', '1312', '52.2', '40', '1', '0', '1', '0', '0', '0', 1]
['2880', 'M17739', 'M', '300.6', '309.4', '1367', '63.2', '45', '1', '0', '0', '1', '0', '0', 1]
['5402', 'M20261', 'M', '302.6', '312.3', '1454', '54.8', '253', '1', '1', '0', '0', '1', '0', 1]
['4088', 'L51267', 'L', '301.9', '310.4', '1376', '54.9', '126', '1', '0', '1', '0', '0', '0', 1]
['4386', 'L51565', 'L', '301.8', '309.7', '1442', '45.3', '233', '1', '1', '0', '0', '0', '0', 1]
['4255', 'L51434', 'L', '302.6', '311', '1284', '68.0', '114', '1', '0', '1', '1', '0', '0', 1]
['4003', 'L51182', 'L', '302.1', '311.2', '1454', '59.2', '153', '1', '0', '0', '1', '0', '0', 1]
['4557', 'M19416', 'M', '302.7', '310.6', '1349', '51.2', '6', '1', '0', '1', '0', '0', '0', 1]
['4025', 'M18884', 'M', '302.1', '311', '1351', '60.3', '207', '1', '0', '0', '0', '1', '0', 1]
['4280', 'L51459', 'L', '302.0', '310.1', '1361', '45.4', '174', '1', '0', '1', '0', '0', '0', 1]
['1162', 'L48341', 'L', '297.0', '307.8', '1316', '61.2', '200', '1', '0', '0', '0', '1', '0', 1]
['4985', 'L52164', 'L', '303.8', '313.1', '1256', '58.7', '213', '1', '0', '0', '0', '1', '0', 1]
['9765', 'L56944', 'L', '298.5', '309.5', '1294', '66.7', '12', '1', '0', '0', '1', '0', '0', 1]
['6160', 'L53339', 'L', '301.0', '311', '1399', '58.0', '190', '1', '0', '0', '0', '1', '0', 1]
['4662', 'L51841', 'L', '303.3', '311.3', '1350', '48.1', '32', '1', '0', '1', '0', '0', '0', 1]
['4118', 'L51297', 'L', '301.9', '310.5', '1340', '55.7', '204', '1', '0', '0', '0', '1', '0', 1]
['3696', 'L50875', 'L', '302.2', '311.3', '1530', '37.3', '207', '1', '1', '0', '0', '0', '0', 1]
['4921', 'L52100', 'L', '303.4', '312.2', '1337', '69.4', '52', '1', '0', '0', '1', '0', '0', 1]
['9017', 'L56196', 'L', '297.3', '308.2', '1396', '52.7', '212', '1', '0', '0', '0', '1', '0', 1]
['1497', 'L48676', 'L', '298.0', '308.7', '1268', '69.4', '189', '1', '0', '0', '1', '1', '0', 1]
['4343', 'M19202', 'M', '301.7', '309.8', '1284', '68.2', '111', '1', '0', '1', '1', '0', '0', 1]
['4420', 'M19279', 'M', '302.6', '310.2', '2676', '10.8', '84', '1', '0', '0', '1', '0', '0', 1]
['4559', 'L51738', 'L', '302.7', '310.7', '1369', '47.5', '11', '1', '0', '1', '0', '0', '0', 1]
['4622', 'L51801', 'L', '303.0', '311.2', '1341', '51.0', '174', '1', '0', '1', '0', '0', '0', 1]
['1420', 'L48599', 'L', '298.7', '309.8', '1354', '53.3', '212', '1', '0', '0', '0', '1', '0', 1]
['4248', 'L51427', 'L', '302.6', '311', '1369', '60.0', '93', '1', '0', '1', '0', '0', '0', 1]
['4815', 'L51994', 'L', '303.4', '311.8', '1401', '53.0', '208', '1', '0', '0', '0', '1', '0', 1]
['2016', 'L49195', 'L', '298.5', '308.2', '1301', '66.3', '42', '1', '0', '0', '1', '0', '0', 1]
['1493', 'M16352', 'M', '298.0', '308.7', '1479', '58.5', '176', '1', '0', '0', '1', '0', '0', 1]
['4384', 'L51563', 'L', '301.7', '309.5', '1298', '65.5', '229', '1', '0', '1', '0', '1', '0', 1]
['1088', 'H30501', 'H', '296.9', '307.8', '1549', '35.8', '206', '1', '1', '0', '0', '0', '0', 1]
['6154', 'L53333', 'L', '301.0', '311.1', '1236', '64.4', '177', '1', '0', '0', '0', '1', '0', 1]
['2300', 'L49479', 'L', '299.4', '308.7', '1446', '62.9', '134', '1', '0', '0', '1', '0', '0', 1]
['5395', 'M20254', 'M', '302.8', '312.3', '1262', '70.5', '234', '1', '0', '0', '1', '1', '0', 1]
['1764', 'L48943', 'L', '298.2', '307.6', '1511', '31.0', '209', '1', '1', '0', '0', '0', '0', 1]
['7570', 'L54749', 'L', '300.2', '311', '1255', '71.8', '149', '1', '0', '0', '1', '0', '0', 1]
['2445', 'L49624', 'L', '299.2', '308.6', '1267', '68.2', '76', '1', '0', '0', '1', '0', '0', 1]
['3357', 'L50536', 'L', '301.6', '310.8', '1355', '57.8', '195', '1', '0', '0', '0', '1', '0', 1]
['4329', 'L51508', 'L', '301.6', '310.1', '1326', '48.2', '77', '1', '0', '1', '0', '0', '0', 1]
['8847', 'M23706', 'M', '297.4', '308.8', '1325', '62.4', '204', '1', '1', '0', '0', '1', '0', 1]
['4760', 'L51939', 'L', '303.5', '311.6', '1361', '46.5', '62', '1', '0', '1', '0', '0', '0', 1]
['4154', 'M19013', 'M', '302.0', '310.4', '1212', '55.6', '79', '1', '0', '1', '0', '0', '0', 1]
['8027', 'L55206', 'L', '300.7', '311.9', '1399', '50.2', '222', '1', '0', '0', '0', '1', '0', 1]
['6079', 'L53258', 'L', '300.8', '310.7', '1339', '59.1', '203', '1', '0', '0', '0', '1', '0', 1]
['8583', 'M23442', 'M', '297.5', '308.1', '1334', '72.0', '151', '1', '0', '0', '1', '0', '0', 1]
['4730', 'L51909', 'L', '303.4', '311.8', '1306', '61.0', '215', '1', '0', '1', '0', '1', '0', 1]
['78', 'L47257', 'L', '298.8', '308.9', '1455', '41.3', '208', '1', '1', '0', '0', '0', '0', 1]
['3794', 'L50973', 'L', '302.3', '310.9', '1379', '49.3', '34', '1', '0', '1', '0', '0', '0', 1]
['4528', 'M19387', 'M', '302.4', '310.5', '1372', '45.7', '144', '1', '0', '1', '0', '0', '0', 1]
['4845', 'M19704', 'M', '303.4', '311.8', '1316', '50.9', '69', '1', '0', '1', '0', '0', '0', 1]
['9823', 'L57002', 'L', '298.5', '309.4', '1360', '60.9', '187', '1', '0', '0', '0', '1', '0', 1]
['1335', 'L48514', 'L', '299.0', '310.4', '1365', '49.1', '226', '1', '0', '0', '0', '1', '0', 1]
['6541', 'M21400', 'M', '301.4', '310.7', '1368', '63.7', '92', '1', '0', '0', '1', '0', '0', 1]
['6925', 'L54104', 'L', '301.2', '311.6', '1461', '52.9', '208', '1', '0', '0', '0', '1', '0', 1]
['4045', 'M18904', 'M', '301.9', '310.9', '1419', '47.7', '20', '1', '0', '0', '0', '0', '0', 1]
['1785', 'L48964', 'L', '298.3', '308', '2886', '3.8', '57', '1', '0', '0', '1', '0', '0', 1]
['5491', 'L52670', 'L', '302.6', '312.1', '1288', '68.5', '0', '1', '0', '0', '1', '0', '0', 1]
['9494', 'L56673', 'L', '299.1', '309.8', '1398', '55.4', '217', '1', '0', '0', '0', '1', '0', 1]
['5618', 'L52797', 'L', '303.1', '312.4', '1404', '61.5', '127', '1', '0', '0', '1', '0', '0', 1]
['7281', 'L54460', 'L', '299.9', '310.2', '1288', '69.6', '62', '1', '0', '0', '1', '0', '0', 1]
['3001', 'H32414', 'H', '300.5', '309.8', '1324', '72.8', '159', '1', '0', '0', '1', '0', '0', 1]
['3866', 'H33279', 'H', '302.6', '311.5', '1629', '34.4', '228', '1', '1', '0', '0', '0', '0', 1]
['4670', 'M19529', 'M', '303.3', '311.5', '1373', '47.3', '60', '1', '0', '1', '0', '0', '0', 1]
['5400', 'H34813', 'H', '302.8', '312.4', '1411', '53.8', '246', '1', '0', '0', '0', '1', '0', 1]
['3370', 'L50549', 'L', '301.5', '310.9', '2760', '8.0', '15', '1', '0', '0', '1', '0', '0', 1]
['4390', 'M19249', 'M', '302.1', '310', '1355', '45.1', '6', '1', '0', '1', '0', '0', '0', 1]
['4158', 'L51337', 'L', '302.0', '310.5', '1263', '60.6', '90', '1', '0', '1', '0', '0', '0', 1]
['4212', 'L51391', 'L', '302.1', '310.7', '1314', '52.8', '8', '1', '0', '1', '0', '0', '0', 1]
['161', 'L47340', 'L', '298.4', '308.2', '1282', '60.7', '216', '1', '0', '0', '0', '1', '0', 1]
['7594', 'L54773', 'L', '300.5', '311.2', '1270', '67.5', '208', '1', '0', '0', '0', '1', '0', 1]
['4324', 'L51503', 'L', '301.8', '310.3', '1341', '50.5', '64', '1', '0', '1', '0', '0', '0', 1]
['4832', 'L52011', 'L', '303.5', '312', '1366', '54.5', '30', '1', '0', '1', '0', '0', '0', 1]
['3868', 'M18727', 'M', '302.7', '311.6', '2709', '9.7', '2', '1', '0', '0', '1', '0', '0', 1]
['4721', 'M19580', 'M', '303.4', '311.7', '1353', '44.1', '192', '1', '0', '1', '0', '0', '0', 1]
['4612', 'L51791', 'L', '303.0', '311.3', '1365', '56.2', '146', '1', '0', '1', '0', '0', '0', 1]
['6256', 'L53435', 'L', '301.0', '310.5', '1379', '57.3', '204', '1', '0', '0', '0', '1', '0', 1]
['6179', 'L53358', 'L', '301.1', '310.9', '1282', '67.9', '10', '1', '0', '0', '1', '0', '0', 1]
['4185', 'L51364', 'L', '302.2', '310.6', '1334', '53.2', '159', '1', '0', '1', '0', '0', '0', 1]
['6800', 'M21659', 'M', '301.1', '310.7', '2636', '12.2', '100', '1', '0', '0', '1', '0', '0', 1]
['5489', 'L52668', 'L', '302.7', '312.2', '1450', '52.1', '213', '1', '0', '0', '0', '1', '0', 1]
['4666', 'M19525', 'M', '303.4', '311.4', '1307', '54.0', '44', '1', '0', '1', '0', '0', '0', 1]
['4619', 'M19478', 'M', '303.0', '311.3', '1335', '53.6', '164', '1', '0', '1', '0', '0', '0', 1]
['2495', 'L49674', 'L', '299.1', '308.8', '1329', '53.6', '207', '1', '0', '0', '0', '1', '0', 1]
['3788', 'L50967', 'L', '302.3', '310.8', '1377', '47.3', '22', '1', '0', '1', '0', '0', '0', 1]
['7885', 'L55064', 'L', '300.8', '312.4', '1465', '59.1', '91', '1', '0', '0', '1', '0', '0', 1]
['4180', 'L51359', 'L', '302.4', '310.9', '1349', '46.1', '148', '1', '0', '1', '0', '0', '0', 1]
['927', 'L48106', 'L', '295.6', '306.1', '1372', '55.6', '215', '1', '0', '0', '0', '1', '0', 1]
['4580', 'L51759', 'L', '303.0', '311.2', '1374', '48.2', '65', '1', '0', '1', '0', '0', '0', 1]
['6341', 'H35754', 'H', '300.5', '309.9', '1397', '45.9', '210', '1', '1', '0', '0', '0', '0', 1]
['1790', 'L48969', 'L', '298.2', '307.9', '1313', '67.3', '67', '1', '0', '0', '1', '0', '0', 1]
['604', 'L47783', 'L', '297.9', '309.8', '1336', '71.6', '31', '1', '0', '0', '1', '0', '0', 1]
['7084', 'L54263', 'L', '300.7', '310.4', '1416', '61.8', '209', '1', '0', '0', '1', '1', '0', 1]
['4602', 'M19461', 'M', '303.0', '311.1', '1372', '54.3', '117', '1', '0', '1', '0', '0', '0', 1]
['4259', 'M19118', 'M', '302.7', '311.1', '1297', '60.7', '125', '1', '0', '1', '0', '0', '0', 1]
['4371', 'L51550', 'L', '302.0', '309.9', '1308', '57.6', '197', '1', '0', '1', '0', '1', '0', 1]
['6257', 'L53436', 'L', '301.0', '310.6', '1493', '37.8', '206', '1', '1', '0', '0', '0', '0', 1]
['4756', 'L51935', 'L', '303.4', '311.7', '1295', '51.3', '51', '1', '0', '1', '0', '0', '0', 1]
['250', 'L47429', 'L', '298.0', '308.3', '1405', '56.2', '218', '1', '0', '0', '0', '1', '0', 1]
['5537', 'M20396', 'M', '302.3', '311.8', '1363', '54.0', '119', '1', '0', '0', '0', '0', '0', 1]
['4647', 'L51826', 'L', '303.3', '311.4', '1497', '46.0', '234', '1', '1', '0', '0', '0', '0', 1]
['5910', 'H35323', 'H', '300.7', '310.2', '1364', '65.3', '208', '1', '1', '0', '1', '1', '0', 1]
['9614', 'L56793', 'L', '299.0', '310.2', '1377', '62.5', '92', '1', '0', '0', '1', '0', '0', 1]
['70', 'L47249', 'L', '298.9', '309', '1410', '65.7', '191', '1', '0', '0', '1', '1', '0', 1]
['2126', 'L49305', 'L', '299.3', '308.9', '1258', '69.4', '119', '1', '0', '0', '1', '0', '0', 1]
['9085', 'L56264', 'L', '297.2', '307.9', '1326', '75.4', '172', '1', '0', '0', '1', '1', '0', 1]
['8358', 'L55537', 'L', '298.5', '309.5', '1385', '46.3', '203', '1', '1', '0', '0', '0', '0', 1]
['2427', 'M17286', 'M', '298.9', '308.2', '1372', '63.6', '30', '1', '0', '0', '1', '0', '0', 1]
['4410', 'M19269', 'M', '302.4', '310.1', '1358', '54.6', '61', '1', '0', '1', '0', '0', '0', 1]
['2750', 'M17609', 'M', '299.7', '309.2', '1685', '28.9', '179', '1', '0', '0', '0', '0', '0', 1]
['4817', 'L51996', 'L', '303.4', '312', '1521', '35.9', '215', '1', '1', '0', '0', '0', '0', 1]
['4362', 'M19221', 'M', '302.1', '310.1', '1379', '48.2', '166', '1', '0', '1', '0', '0', '0', 1]
['4703', 'L51882', 'L', '303.6', '311.8', '1222', '66.8', '148', '1', '0', '1', '0', '0', '0', 1]
['3141', 'H32554', 'H', '300.4', '309.9', '2563', '12.8', '81', '1', '0', '0', '1', '0', '0', 1]
['7764', 'L54943', 'L', '300.4', '311.6', '1200', '76.6', '3', '1', '0', '0', '1', '0', '0', 1]
['7760', 'L54939', 'L', '300.4', '311.8', '1272', '59.2', '198', '1', '0', '0', '0', '1', '0', 1]
['4537', 'L51716', 'L', '302.4', '310.2', '1351', '45.1', '168', '1', '0', '1', '0', '0', '0', 1]
['4422', 'L51601', 'L', '302.6', '310.2', '1325', '62.4', '92', '1', '0', '1', '0', '0', '0', 1]
['6933', 'L54112', 'L', '300.8', '311.4', '1322', '67.2', '18', '1', '0', '0', '1', '0', '0', 1]
['3936', 'M18795', 'M', '302.6', '311.6', '1227', '68.2', '187', '1', '0', '0', '0', '1', '0', 1]
['8112', 'M22971', 'M', '300.4', '311.8', '1553', '33.1', '209', '1', '1', '0', '0', '0', '0', 1]
['4738', 'M19597', 'M', '303.2', '311.5', '1336', '58.2', '2', '1', '0', '1', '0', '0', '0', 1]
['3944', 'L51123', 'L', '302.3', '311.4', '1333', '66.7', '205', '1', '0', '0', '1', '1', '0', 1]
['4496', 'L51675', 'L', '302.6', '310.4', '1359', '57.2', '67', '1', '0', '1', '0', '0', '0', 1]
['249', 'L47428', 'L', '298.0', '308.3', '1362', '56.8', '216', '1', '0', '0', '0', '1', '0', 1]
['162', 'L47341', 'L', '298.3', '308.1', '1412', '52.3', '218', '1', '0', '0', '0', '1', '0', 1]
['8610', 'L55789', 'L', '297.4', '308.3', '1475', '40.5', '222', '1', '1', '0', '0', '0', '0', 1]
['2762', 'L49941', 'L', '299.8', '309.3', '1299', '65.1', '212', '1', '0', '0', '0', '1', '0', 1]
['3815', 'M18674', 'M', '302.1', '310.6', '1326', '59.1', '88', '1', '0', '1', '0', '0', '0', 1]
['4470', 'L51649', 'L', '302.7', '310.5', '1446', '40.9', '211', '1', '1', '0', '0', '0', '0', 1]
['4252', 'H33665', 'H', '302.5', '310.9', '1356', '55.5', '101', '1', '0', '1', '0', '0', '0', 1]
['5310', 'M20169', 'M', '303.9', '313.2', '1422', '48.0', '215', '1', '1', '0', '0', '0', '0', 1]
['848', 'L48027', 'L', '296.4', '307.4', '2833', '5.6', '213', '1', '0', '0', '1', '0', '0', 1]
['6674', 'L53853', 'L', '301.6', '310.7', '1380', '51.8', '216', '1', '0', '0', '0', '1', '0', 1]
['1285', 'L48464', 'L', '298.4', '309.5', '2153', '15.3', '98', '1', '0', '0', '1', '0', '0', 1]
['5616', 'M20475', 'M', '303.0', '312.2', '1257', '71.3', '122', '1', '0', '0', '1', '0', '0', 1]
['4841', 'L52020', 'L', '303.4', '311.9', '1298', '63.9', '59', '1', '0', '1', '0', '0', '0', 1]
['7012', 'L54191', 'L', '300.5', '310.5', '2633', '12.2', '17', '1', '0', '0', '1', '0', '0', 1]
['4033', 'L51212', 'L', '302.0', '310.8', '1383', '50.3', '231', '1', '0', '0', '0', '1', '0', 1]
['2865', 'H32278', 'H', '300.6', '309.4', '1380', '47.6', '246', '1', '1', '0', '0', '0', '0', 1]
['4356', 'H33769', 'H', '302.0', '309.8', '1280', '57.3', '147', '1', '0', '1', '0', '0', '0', 1]
['7510', 'L54689', 'L', '300.6', '311.9', '1372', '60.1', '212', '1', '0', '0', '0', '1', '0', 1]
['4834', 'L52013', 'L', '303.4', '311.9', '1377', '41.6', '34', '1', '0', '1', '0', '0', '0', 1]
['6249', 'L53428', 'L', '300.8', '310.1', '1405', '61.2', '189', '1', '0', '0', '1', '1', '0', 1]
['4566', 'H33979', 'H', '302.7', '310.8', '1275', '55.0', '25', '1', '0', '1', '0', '0', '0', 1]
['6479', 'L53658', 'L', '300.5', '309.8', '1663', '29.1', '145', '1', '0', '0', '0', '0', '0', 1]
['9016', 'L56195', 'L', '297.2', '308.1', '1431', '49.7', '210', '1', '0', '0', '0', '0', '0', 1]
['9176', 'L56355', 'L', '297.8', '309', '1403', '64.2', '0', '1', '0', '0', '1', '0', '0', 1]
['1683', 'H31096', 'H', '297.9', '307.4', '1604', '36.1', '225', '1', '1', '0', '0', '0', '0', 1]
['9831', 'L57010', 'L', '298.3', '309.3', '1337', '56.1', '206', '1', '0', '0', '0', '1', '0', 1]
['7850', 'M22709', 'M', '300.3', '311.7', '1374', '47.9', '222', '1', '1', '0', '0', '0', '0', 1]
['51', 'L47230', 'L', '298.9', '309.1', '2861', '4.6', '143', '1', '0', '0', '1', '0', '0', 1]
['4035', 'L51214', 'L', '302.0', '310.8', '1615', '29.0', '235', '1', '1', '0', '0', '0', '0', 1]
['1168', 'L48347', 'L', '297.0', '308.1', '1362', '52.5', '213', '1', '0', '0', '0', '1', '0', 1]
['6760', 'L53939', 'L', '301.7', '311', '1441', '44.3', '208', '1', '1', '0', '0', '0', '0', 1]
['3529', 'L50708', 'L', '302.0', '310.9', '1378', '53.1', '212', '1', '0', '0', '0', '1', '0', 1]
['1392', 'L48571', 'L', '298.9', '310.2', '2737', '8.8', '142', '1', '0', '0', '1', '0', '0', 1]
['4436', 'L51615', 'L', '302.3', '310.1', '1321', '52.7', '134', '1', '0', '1', '0', '0', '0', 1]
['8196', 'L55375', 'L', '299.4', '310.8', '1376', '53.9', '215', '1', '0', '0', '0', '1', '0', 1]
['1584', 'L48763', 'L', '298.2', '308.4', '1310', '61.0', '189', '1', '0', '0', '0', '1', '0', 1]
['1809', 'L48988', 'L', '298.1', '307.7', '2567', '12.8', '125', '1', '0', '0', '1', '0', '0', 1]
['4283', 'L51462', 'L', '301.9', '309.9', '1374', '48.5', '180', '1', '0', '1', '0', '0', '0', 1]
['2234', 'L49413', 'L', '299.5', '308.7', '2549', '13.0', '179', '1', '0', '0', '1', '0', '0', 1]
['7088', 'L54267', 'L', '300.6', '310.3', '1648', '30.5', '217', '1', '1', '0', '0', '0', '0', 1]
['4152', 'M19011', 'M', '301.9', '310.4', '1373', '48.0', '73', '1', '0', '1', '0', '0', '0', 1]
['6526', 'L53705', 'L', '301.1', '310.4', '1312', '73.6', '49', '1', '0', '0', '1', '0', '0', 1]
['747', 'L47926', 'L', '296.8', '308.1', '1289', '62.0', '199', '1', '0', '0', '0', '1', '0', 1]
['4643', 'L51822', 'L', '303.2', '311.4', '1238', '54.6', '226', '1', '0', '1', '0', '1', '0', 1]
['4428', 'M19287', 'M', '302.4', '310.1', '1379', '48.9', '107', '1', '0', '1', '0', '0', '0', 1]
['2167', 'M17026', 'M', '299.6', '309.2', '1867', '23.4', '225', '1', '1', '0', '0', '0', '0', 1]
['8609', 'L55788', 'L', '297.4', '308.4', '1369', '50.6', '220', '1', '0', '0', '0', '1', '0', 1]
['4502', 'L51681', 'L', '302.5', '310.2', '1307', '54.0', '86', '1', '0', '1', '0', '0', '0', 1]
['4297', 'L51476', 'L', '301.8', '310.2', '2825', '5.8', '215', '1', '0', '0', '1', '0', '0', 1]
['5220', 'L52399', 'L', '303.8', '313', '1365', '59.9', '205', '1', '0', '0', '0', '1', '0', 1]
['2672', 'M17531', 'M', '299.7', '309.3', '1399', '41.9', '221', '1', '1', '0', '0', '0', '0', 1]
['3020', 'L50199', 'L', '300.5', '309.8', '1379', '54.2', '207', '1', '0', '0', '0', '1', '0', 1]
['4072', 'L51251', 'L', '301.9', '310.6', '1331', '68.6', '85', '1', '0', '0', '1', '0', '0', 1]
['4476', 'L51655', 'L', '302.7', '310.5', '1351', '41.8', '10', '1', '0', '1', '0', '0', '0', 1]
['6025', 'L53204', 'L', '300.7', '310.9', '1356', '65.3', '66', '1', '0', '0', '1', '0', '0', 1]
['3855', 'L51034', 'L', '302.4', '311', '1338', '67.6', '194', '1', '0', '0', '1', '1', '0', 1]
['4740', 'L51919', 'L', '303.2', '311.4', '1351', '53.8', '8', '1', '0', '1', '0', '0', '0', 1]
['3351', 'L50530', 'L', '301.4', '310.8', '1285', '62.6', '183', '1', '0', '0', '0', '1', '0', 1]
['6173', 'L53352', 'L', '300.8', '310.6', '1577', '37.9', '227', '1', '1', '0', '0', '0', '0', 1]
['7757', 'L54936', 'L', '300.5', '311.8', '1368', '57.9', '191', '1', '0', '0', '0', '1', '0', 1]
['4271', 'L51450', 'L', '302.6', '310.9', '1331', '52.0', '154', '1', '0', '1', '0', '0', '0', 1]
['8193', 'L55372', 'L', '299.6', '310.9', '1229', '65.2', '209', '1', '0', '0', '0', '1', '0', 1]
['4407', 'L51586', 'L', '302.5', '310.3', '1326', '58.5', '55', '1', '0', '1', '0', '0', '0', 1]
['4728', 'M19587', 'M', '303.4', '311.8', '1341', '47.0', '210', '1', '0', '1', '0', '0', '0', 1]
['4442', 'L51621', 'L', '302.5', '310.2', '1329', '50.6', '148', '1', '0', '1', '0', '0', '0', 1]
['4644', 'L51823', 'L', '303.2', '311.4', '1324', '54.2', '228', '1', '0', '1', '0', '1', '0', 1]
['3458', 'M18317', 'M', '301.5', '310.4', '2639', '12.0', '21', '1', '0', '0', '1', '0', '0', 1]
['4079', 'H33492', 'H', '302.1', '310.7', '1294', '62.4', '101', '1', '0', '1', '0', '0', '0', 1]
['1017', 'M15876', 'M', '296.3', '307.2', '1319', '68.3', '24', '1', '0', '0', '1', '0', '0', 1]
['4141', 'L51320', 'L', '301.7', '310.2', '1331', '61.2', '47', '1', '0', '1', '0', '0', '0', 1]
['4049', 'L51228', 'L', '301.9', '311', '2691', '12.1', '31', '1', '0', '0', '1', '0', '0', 1]
['4601', 'L51780', 'L', '303.0', '311', '1359', '44.2', '115', '1', '0', '1', '0', '0', '0', 1]
['9175', 'L56354', 'L', '297.8', '308.9', '1871', '25.6', '200', '1', '1', '0', '0', '0', '0', 1]
['7537', 'L54716', 'L', '300.1', '311.3', '2579', '12.5', '64', '1', '0', '0', '1', '0', '0', 1]
['1336', 'L48515', 'L', '299.0', '310.4', '1371', '53.8', '228', '1', '0', '0', '0', '1', '0', 1]
['3530', 'L50709', 'L', '301.9', '310.9', '1567', '39.0', '214', '1', '1', '0', '0', '0', '0', 1]
['7511', 'L54690', 'L', '300.5', '311.8', '1524', '38.9', '214', '1', '1', '0', '0', '0', '0', 1]
['8200', 'L55379', 'L', '299.2', '310.7', '1737', '27.0', '225', '1', '1', '0', '0', '0', '0', 1]
['3929', 'L51108', 'L', '302.6', '311.5', '1442', '59.8', '169', '1', '0', '0', '1', '0', '0', 1]
['2333', 'L49512', 'L', '299.2', '308.5', '1378', '50.4', '220', '1', '0', '0', '0', '1', '0', 1]
['9759', 'L56938', 'L', '298.6', '309.8', '2271', '16.2', '218', '1', '1', '0', '0', '0', '0', 1]
['881', 'M15740', 'M', '295.8', '306.3', '1235', '76.2', '89', '1', '0', '0', '1', '0', '0', 1]
['4171', 'M19030', 'M', '302.2', '310.6', '1355', '51.5', '126', '1', '0', '1', '0', '0', '0', 1]
['4719', 'L51898', 'L', '303.3', '311.6', '1337', '56.8', '187', '1', '0', '1', '0', '0', '0', 1]
['904', 'L48083', 'L', '295.7', '306.2', '2270', '14.6', '149', '1', '0', '0', '1', '0', '0', 1]
['169', 'L47348', 'L', '298.4', '308.3', '1433', '62.3', '20', '1', '0', '0', '1', '0', '0', 1]
['4418', 'L51597', 'L', '302.6', '310.4', '1365', '66.8', '80', '1', '0', '1', '1', '0', '0', 1]
['6420', 'H35833', 'H', '300.3', '309.9', '1394', '46.7', '210', '1', '1', '0', '0', '0', '0', 1]
['328', 'L47507', 'L', '297.7', '308.5', '1373', '56.7', '203', '1', '0', '0', '0', '1', '0', 1]
['4763', 'M19622', 'M', '303.7', '312', '2663', '11.4', '71', '1', '0', '0', '1', '0', '0', 1]
['4449', 'L51628', 'L', '302.4', '310.3', '1374', '51.2', '163', '1', '0', '1', '0', '0', '0', 1]
['3807', 'M18666', 'M', '302.3', '310.9', '1360', '44.0', '67', '1', '0', '1', '0', '0', '0', 1]
['4724', 'L51903', 'L', '303.4', '311.8', '1366', '50.9', '200', '1', '0', '1', '0', '0', '0', 1]
['4450', 'M19309', 'M', '302.4', '310.3', '1378', '54.3', '165', '1', '0', '1', '0', '0', '0', 1]
['8438', 'L55617', 'L', '298.7', '309.8', '1181', '65.9', '203', '1', '0', '0', '0', '1', '0', 1]
['381', 'L47560', 'L', '297.5', '308.3', '2564', '12.8', '127', '1', '0', '0', '1', '0', '0', 1]
['1834', 'L49013', 'L', '297.8', '307.3', '1327', '61.0', '186', '1', '0', '0', '0', '1', '0', 1]
['4081', 'L51260', 'L', '302.0', '310.4', '1357', '58.0', '108', '1', '0', '1', '0', '0', '0', 1]
['2332', 'L49511', 'L', '299.3', '308.6', '1384', '53.6', '218', '1', '0', '0', '0', '1', '0', 1]
['4633', 'M19492', 'M', '302.9', '311.2', '1330', '53.7', '200', '1', '0', '1', '0', '0', '0', 1]
['3761', 'L50940', 'L', '302.3', '310.9', '1377', '46.8', '166', '1', '0', '1', '0', '0', '0', 1]
['5942', 'L53121', 'L', '300.6', '310.7', '1438', '48.5', '78', '1', '0', '0', '0', '0', '0', 1]
['9664', 'L56843', 'L', '299.1', '310.1', '1435', '48.8', '229', '1', '0', '0', '0', '1', '0', 1]
['195', 'M15054', 'M', '298.2', '308.5', '2678', '10.7', '86', '1', '0', '0', '1', '0', '0', 1]
['1124', 'H30537', 'H', '296.6', '307.7', '1386', '62.3', '100', '1', '0', '0', '1', '0', '0', 1]
['4327', 'L51506', 'L', '301.6', '310.1', '1362', '55.8', '70', '1', '0', '1', '0', '0', '0', 1]
['8308', 'M23167', 'M', '298.7', '310.1', '1402', '69.7', '64', '1', '0', '0', '1', '0', '0', 1]
['8927', 'M23786', 'M', '297.3', '308.3', '1459', '59.6', '207', '1', '0', '0', '1', '1', '0', 1]
['4139', 'L51318', 'L', '301.7', '310.2', '1311', '57.4', '40', '1', '0', '1', '0', '0', '0', 1]
['4122', 'M18981', 'M', '302.1', '310.7', '1364', '47.8', '213', '1', '0', '1', '0', '0', '0', 1]
['4749', 'L51928', 'L', '303.2', '311.2', '1363', '46.7', '29', '1', '0', '1', '0', '0', '0', 1]
['5735', 'L52914', 'L', '302.3', '311.8', '1369', '56.2', '208', '1', '0', '0', '0', '1', '0', 1]
['6991', 'L54170', 'L', '300.7', '311.1', '2478', '13.4', '170', '1', '0', '0', '1', '0', '0', 1]
['587', 'L47766', 'L', '297.6', '309.6', '1501', '49.8', '222', '1', '0', '0', '0', '1', '0', 1]
['9975', 'L57154', 'L', '298.6', '308.2', '1361', '68.2', '172', '1', '0', '0', '1', '1', '0', 1]
['4250', 'L51429', 'L', '302.5', '310.9', '1330', '56.9', '97', '1', '0', '1', '0', '0', '0', 1]
['4392', 'M19251', 'M', '302.2', '310.1', '1368', '51.6', '12', '1', '0', '1', '0', '0', '0', 1]
['2942', 'M17801', 'M', '300.7', '309.6', '1996', '19.8', '203', '1', '1', '0', '0', '0', '0', 1]
['4732', 'L51911', 'L', '303.3', '311.6', '1301', '45.1', '219', '1', '0', '1', '0', '0', '0', 1]
['2859', 'L50038', 'L', '300.5', '309.3', '1417', '51.5', '231', '1', '0', '0', '0', '1', '0', 1]
['3612', 'L50791', 'L', '301.7', '310.9', '1405', '46.4', '207', '1', '1', '0', '0', '0', '1', 1]
['4621', 'L51800', 'L', '303.1', '311.3', '1336', '52.6', '172', '1', '0', '1', '0', '0', '0', 1]
['4120', 'L51299', 'L', '302.1', '310.7', '1325', '45.1', '208', '1', '0', '1', '0', '0', '0', 1]
['3267', 'L50446', 'L', '301.3', '310.1', '1269', '56.8', '195', '1', '0', '0', '0', '1', '0', 1]
['4463', 'L51642', 'L', '302.7', '310.5', '1263', '67.8', '197', '1', '0', '1', '0', '1', '0', 1]
['3237', 'M18096', 'M', '300.8', '309.4', '1342', '62.4', '113', '1', '0', '1', '0', '0', '0', 1]
['1163', 'L48342', 'L', '296.9', '307.8', '1400', '57.1', '202', '1', '0', '0', '0', '1', '0', 1]
['7565', 'M22424', 'M', '300.3', '311.2', '1381', '65.2', '136', '1', '0', '0', '1', '0', '0', 1]
['7688', 'M22547', 'M', '300.7', '311.7', '2097', '18.9', '232', '1', '1', '0', '0', '0', '0', 1]
['4837', 'L52016', 'L', '303.3', '311.8', '1315', '62.0', '42', '1', '0', '1', '0', '0', '0', 1]
['4131', 'L51310', 'L', '301.9', '310.4', '1286', '62.8', '22', '1', '0', '1', '0', '0', '0', 1]
['7592', 'M22451', 'M', '300.5', '311.1', '1296', '61.3', '202', '1', '0', '0', '0', '1', '0', 1]
['1096', 'L48275', 'L', '296.9', '307.5', '2721', '9.3', '18', '1', '0', '0', '1', '0', '0', 1]
['9415', 'L56594', 'L', '298.1', '308.6', '1354', '53.9', '207', '1', '0', '0', '0', '1', '0', 1]
['4254', 'M19113', 'M', '302.6', '311', '1329', '48.6', '111', '1', '0', '1', '0', '0', '0', 1]
['3685', 'L50864', 'L', '302.0', '311.2', '1270', '65.3', '182', '1', '0', '0', '0', '1', '0', 1]
['2503', 'L49682', 'L', '299.2', '309', '1515', '48.9', '228', '1', '0', '0', '0', '1', '0', 1]
['5335', 'M20194', 'M', '303.4', '312.6', '2706', '9.8', '65', '1', '0', '0', '1', '0', '0', 1]
['4534', 'M19393', 'M', '302.4', '310.3', '1375', '52.5', '161', '1', '0', '1', '0', '0', '0', 1]
['9015', 'M23874', 'M', '297.2', '308.1', '1340', '61.3', '207', '1', '0', '0', '0', '1', '0', 1]
['4852', 'L52031', 'L', '303.7', '312.1', '1363', '51.8', '90', '1', '0', '1', '0', '0', '0', 1]
['5049', 'H34462', 'H', '304.0', '313.2', '1271', '68.6', '161', '1', '0', '0', '1', '0', '0', 1]
['3580', 'L50759', 'L', '301.8', '310.6', '2672', '11.8', '124', '1', '0', '0', '1', '0', '0', 1]
['3830', 'H33243', 'H', '302.3', '310.9', '1366', '48.4', '130', '1', '0', '1', '0', '0', '0', 1]
['5062', 'L52241', 'L', '304.0', '312.9', '1363', '62.5', '200', '1', '0', '0', '0', '1', '0', 1]
['7927', 'L55106', 'L', '300.7', '311.9', '1335', '57.1', '194', '1', '0', '0', '0', '1', '0', 1]
['4186', 'L51365', 'L', '302.2', '310.6', '1348', '48.4', '161', '1', '0', '1', '0', '0', '0', 1]
['4989', 'L52168', 'L', '303.8', '313.1', '2497', '13.0', '5', '1', '0', '0', '1', '0', '0', 1]
['443', 'L47622', 'L', '297.4', '308.5', '1399', '61.5', '61', '1', '0', '0', '1', '0', '0', 1]
['4183', 'L51362', 'L', '302.4', '310.7', '1362', '54.8', '155', '1', '0', '1', '0', '0', '0', 1]
['1596', 'L48775', 'L', '298.0', '308.2', '1365', '52.9', '218', '1', '0', '0', '0', '1', '0', 1]
['2582', 'L49761', 'L', '299.2', '309.1', '1345', '60.7', '191', '1', '0', '0', '0', '1', '0', 1]
['6679', 'M21538', 'M', '301.5', '310.7', '1336', '65.6', '0', '1', '0', '0', '1', '0', '0', 1]
['1145', 'L48324', 'L', '297.0', '307.9', '1296', '69.1', '153', '1', '0', '0', '1', '0', '0', 1]
['7168', 'L54347', 'L', '300.3', '310.3', '1362', '60.3', '206', '1', '0', '0', '0', '1', '0', 1]
['4597', 'L51776', 'L', '303.0', '311.2', '1361', '47.6', '106', '1', '0', '1', '0', '0', '0', 1]
['1510', 'L48689', 'L', '298.0', '308.5', '1429', '37.7', '220', '1', '1', '0', '0', '0', '0', 1]
['9654', 'L56833', 'L', '299.0', '309.9', '1373', '55.7', '201', '1', '0', '0', '0', '1', '0', 1]
['8507', 'L55686', 'L', '298.4', '309.6', '1710', '27.3', '163', '1', '0', '0', '0', '0', '0', 1]
['4208', 'M19067', 'M', '302.3', '310.9', '1710', '30.4', '218', '1', '1', '0', '0', '0', '0', 1]
['1125', 'M15984', 'M', '296.7', '307.8', '1258', '69.0', '105', '1', '0', '0', '1', '0', '0', 1]
['4977', 'L52156', 'L', '303.7', '312.7', '1359', '56.8', '194', '1', '0', '0', '0', '1', '0', 1]
['1086', 'L48265', 'L', '297.0', '307.8', '1385', '56.4', '202', '1', '0', '0', '0', '1', '0', 1]
['5142', 'L52321', 'L', '304.4', '313.7', '1509', '35.0', '205', '1', '1', '0', '0', '0', '0', 1]
['9665', 'L56844', 'L', '299.1', '310.2', '1317', '54.8', '231', '1', '0', '0', '0', '1', '0', 1]
['8691', 'L55870', 'L', '297.1', '308.5', '1323', '44.4', '207', '1', '1', '0', '0', '0', '0', 1]
['7427', 'M22286', 'M', '300.0', '311.4', '1692', '29.0', '216', '1', '1', '0', '0', '0', '0', 1]
['4226', 'L51405', 'L', '302.1', '310.7', '1359', '49.3', '41', '1', '0', '1', '0', '0', '0', 1]
['9019', 'L56198', 'L', '297.3', '308.1', '1615', '35.4', '217', '1', '1', '0', '0', '0', '0', 1]
['2076', 'L49255', 'L', '299.5', '309.4', '1390', '58.8', '195', '1', '0', '0', '0', '1', '0', 1]
['4937', 'L52116', 'L', '303.5', '312.4', '1284', '70.6', '94', '1', '0', '0', '1', '0', '0', 1]
['9660', 'L56839', 'L', '298.9', '309.8', '1287', '61.9', '216', '1', '0', '0', '0', '1', '0', 1]
['4286', 'L51465', 'L', '301.7', '309.9', '1317', '49.0', '187', '1', '0', '1', '0', '0', '0', 1]
['7670', 'L54849', 'L', '300.7', '311.8', '1336', '58.4', '189', '1', '0', '0', '0', '1', '0', 1]
['4293', 'M19152', 'M', '301.8', '310.1', '2372', '13.9', '205', '1', '0', '0', '1', '0', '0', 1]
['4121', 'M18980', 'M', '302.1', '310.7', '1376', '46.3', '210', '1', '0', '1', '0', '0', '0', 1]
['4545', 'L51724', 'L', '302.5', '310.4', '1349', '55.1', '187', '1', '0', '1', '0', '0', '0', 1]
['4769', 'L51948', 'L', '303.6', '312', '1309', '52.9', '86', '1', '0', '1', '0', '0', '0', 1]
['4165', 'L51344', 'L', '302.2', '310.6', '1346', '47.5', '109', '1', '0', '1', '0', '0', '0', 1]
['4685', 'M19544', 'M', '303.6', '311.8', '1421', '44.8', '101', '1', '0', '0', '0', '0', '0', 1]
['4308', 'L51487', 'L', '301.4', '309.9', '1259', '63.9', '20', '1', '0', '1', '0', '0', '0', 1]
['9668', 'L56847', 'L', '299.2', '310.3', '1352', '48.9', '238', '1', '0', '0', '0', '1', '0', 1]
['4284', 'M19143', 'M', '301.8', '309.9', '1334', '61.0', '182', '1', '0', '1', '0', '0', '0', 1]
['2245', 'M17104', 'M', '299.3', '308.4', '1542', '37.5', '203', '1', '1', '0', '0', '0', '0', 1]
['6619', 'M21478', 'M', '301.6', '310.6', '1309', '65.8', '75', '1', '0', '0', '1', '0', '0', 1]
['8246', 'M23105', 'M', '299.0', '310.3', '1303', '68.6', '111', '1', '0', '0', '1', '0', '0', 1]
['4511', 'L51690', 'L', '302.4', '310.2', '1346', '62.4', '106', '1', '0', '1', '0', '0', '0', 1]
['4481', 'H33894', 'H', '302.7', '310.4', '1305', '55.2', '20', '1', '0', '1', '0', '0', '0', 1]
['4652', 'L51831', 'L', '303.2', '311.4', '1349', '51.1', '9', '1', '0', '1', '0', '0', '0', 1]
['4762', 'H34175', 'H', '303.7', '311.9', '1332', '52.7', '66', '1', '0', '1', '0', '0', '0', 1]
['7998', 'M22857', 'M', '301.0', '312.2', '2710', '9.7', '143', '1', '0', '0', '1', '0', '0', 1]
['9577', 'L56756', 'L', '299.6', '310.7', '1922', '23.3', '205', '1', '1', '0', '0', '0', '0', 1]
['5707', 'L52886', 'L', '302.4', '311.9', '1290', '70.0', '139', '1', '0', '0', '1', '0', '0', 1]
['4156', 'L51335', 'L', '302.0', '310.5', '1370', '44.4', '85', '1', '0', '1', '0', '0', '0', 1]
['4097', 'L51276', 'L', '301.9', '310.4', '1370', '51.7', '153', '1', '0', '1', '0', '0', '0', 1]
['4174', 'M19033', 'M', '302.2', '310.6', '1346', '49.2', '134', '1', '0', '1', '0', '0', '0', 1]
['4401', 'L51580', 'L', '302.3', '310.1', '1353', '50.9', '36', '1', '0', '1', '0', '0', '0', 1]
['243', 'L47422', 'L', '298.0', '308.2', '1348', '58.8', '202', '1', '0', '0', '0', '1', '0', 1]
